version,gradlew,gradlewBat
9.2.0,e5083bb6,9af86e4b
9.2.0-rc-3,e5083bb6,9af86e4b
9.2.0-rc-2,e5083bb6,9af86e4b
9.2.0-rc-1,e5083bb6,9af86e4b
9.2.0-milestone-2,e5083bb6,9af86e4b
9.2.0-milestone-1,e5083bb6,9af86e4b
9.2.0-20251028012738+0000,e5083bb6,9af86e4b
9.1.0,e5083bb6,9af86e4b
9.1.0-rc-4,e5083bb6,9af86e4b
9.1.0-rc-3,e5083bb6,9af86e4b
9.1.0-rc-2,e5083bb6,9af86e4b
9.1.0-rc-1,e5083bb6,9af86e4b
9.0.0,665958e3,a43e7a0f
9.0.0-rc-4,665958e3,a43e7a0f
9.0.0-rc-3,665958e3,a43e7a0f
9.0.0-rc-2,665958e3,a43e7a0f
9.0.0-rc-1,665958e3,a43e7a0f
9.0.0-milestone-9,665958e3,a43e7a0f
9.0.0-milestone-8,665958e3,a43e7a0f
9.0.0-milestone-10,665958e3,a43e7a0f
9.0-milestone-2,665958e3,a43e7a0f
9.0-milestone-1,611e634e,5e608638
9.0-milestone-6,665958e3,a43e7a0f
9.0-milestone-5,665958e3,a43e7a0f
9.0-milestone-4,665958e3,a43e7a0f
9.0-milestone-3,665958e3,a43e7a0f
9.0-milestone-7,665958e3,a43e7a0f
8.14.3,b67a59d5,a43e7a0f
8.14.2,b67a59d5,a43e7a0f
8.14.1,b67a59d5,a43e7a0f
8.14,b67a59d5,a43e7a0f
8.14-rc-3,b67a59d5,a43e7a0f
8.14-rc-2,b67a59d5,a43e7a0f
8.14-rc-1,b67a59d5,a43e7a0f
8.14-milestone-5,611e634e,5e608638
8.14-milestone-7,611e634e,5e608638
8.14-milestone-8,611e634e,5e608638
8.14-milestone-1,611e634e,5e608638
8.14-milestone-2,611e634e,5e608638
8.14-milestone-3,611e634e,5e608638
8.14-milestone-4,611e634e,5e608638
8.13,611e634e,5e608638
8.13-rc-1,611e634e,5e608638
8.13-rc-2,611e634e,5e608638
8.13-milestone-1,73b06661,5e608638
8.13-milestone-3,73b06661,5e608638
8.13-milestone-2,73b06661,5e608638
8.12.1,73b06661,5e608638
8.12.1-milestone-1,73b06661,5e608638
8.12,73b06661,5e608638
8.12-rc-1,73b06661,5e608638
8.12-rc-2,73b06661,5e608638
8.11.1,91c665a1,5e608638
8.11,91c665a1,5e608638
8.11-rc-1,91c665a1,5e608638
8.11-rc-2,91c665a1,5e608638
8.11-rc-3,91c665a1,5e608638
8.11-milestone-1,91c665a1,5e608638
8.10.2,91c665a1,5e608638
8.10.2-milestone-1,91c665a1,5e608638
8.10.1,91c665a1,5e608638
8.10,91c665a1,5e608638
8.10-rc-1,91c665a1,5e608638
8.9,91c665a1,5e608638
8.9-rc-1,91c665a1,5e608638
8.9-rc-2,91c665a1,5e608638
8.8,b26355a4,937e772a
8.8-rc-2,b26355a4,937e772a
8.8-rc-1,b26355a4,937e772a
8.7,c8e85043,937e772a
8.7-rc-2,c8e85043,937e772a
8.7-rc-3,c8e85043,937e772a
8.7-rc-1,c8e85043,937e772a
8.7-rc-4,c8e85043,937e772a
8.6,c8e85043,937e772a
8.6-rc-4,c8e85043,937e772a
8.6-rc-3,c8e85043,937e772a
8.6-rc-2,c8e85043,937e772a
8.6-rc-1,c8e85043,937e772a
8.6-milestone-1,c8e85043,937e772a
8.5,c8e85043,d0586e24
8.5-rc-1,c8e85043,d0586e24
8.5-rc-2,c8e85043,d0586e24
8.5-rc-3,c8e85043,d0586e24
8.5-rc-4,c8e85043,d0586e24
8.4,c8e85043,d0586e24
8.4-rc-3,c8e85043,d0586e24
8.4-rc-2,c8e85043,d0586e24
8.4-rc-1,c8e85043,d0586e24
8.3,a55b3fad,d0586e24
8.3-rc-3,a55b3fad,d0586e24
8.3-rc-2,a55b3fad,d0586e24
8.3-rc-1,a55b3fad,d0586e24
8.3-rc-4,a55b3fad,d0586e24
8.2.1,8da11a32,d0586e24
8.2,8da11a32,d0586e24
8.2-rc-1,8da11a32,d0586e24
8.2-rc-2,8da11a32,d0586e24
8.2-rc-3,8da11a32,d0586e24
8.2-milestone-1,8da11a32,d0586e24
8.1.1,1ff2140f,d0586e24
8.1,1ff2140f,d0586e24
8.1-rc-3,1ff2140f,d0586e24
8.1-rc-2,1ff2140f,d0586e24
8.1-rc-4,1ff2140f,d0586e24
8.1-rc-1,1ff2140f,d0586e24
8.0.2,4bb41405,d0586e24
8.0.1,4bb41405,d0586e24
8.0,4bb41405,d0586e24
8.0-rc-1,4bb41405,d0586e24
8.0-rc-2,4bb41405,d0586e24
8.0-rc-3,4bb41405,d0586e24
8.0-rc-4,4bb41405,d0586e24
8.0-rc-5,4bb41405,d0586e24
8.0-milestone-1,4bb41405,d0586e24
8.0-milestone-2,4bb41405,d0586e24
8.0-milestone-3,4bb41405,d0586e24
8.0-milestone-4,4bb41405,d0586e24
8.0-milestone-5,4bb41405,d0586e24
8.0-milestone-6,4bb41405,d0586e24
7.6.6,f6951445,d0586e24
7.6.5,f6951445,d0586e24
7.6.4,f6951445,d0586e24
7.6.3,f6951445,d0586e24
7.6.2,f6951445,d0586e24
7.6.1,f6951445,d0586e24
7.6,f6951445,d0586e24
7.6-rc-2,f6951445,d0586e24
7.6-rc-3,f6951445,d0586e24
7.6-rc-4,f6951445,d0586e24
7.6-rc-1,f6951445,d0586e24
7.6-milestone-1,f6951445,d0586e24
7.5.1,1576b46f,b1366393
7.5,1576b46f,b1366393
7.5-rc-5,1576b46f,b1366393
7.5-rc-4,1576b46f,b1366393
7.5-rc-3,1576b46f,b1366393
7.5-rc-2,1576b46f,b1366393
7.5-rc-1,1576b46f,b1366393
7.4.2,80a78ef8,16404bda
7.4.1,80a78ef8,16404bda
7.4,80a78ef8,16404bda
7.4-rc-2,80a78ef8,16404bda
7.4-rc-1,80a78ef8,16404bda
7.3.3,80a78ef8,16404bda
7.3.3-rc-1,80a78ef8,16404bda
7.3.2,80a78ef8,16404bda
7.3.1,80a78ef8,16404bda
7.3,80a78ef8,16404bda
7.3-rc-2,80a78ef8,16404bda
7.3-rc-1,80a78ef8,16404bda
7.3-rc-4,80a78ef8,16404bda
7.3-rc-3,80a78ef8,16404bda
7.3-rc-5,80a78ef8,16404bda
7.2,80a78ef8,16404bda
7.2-rc-1,80a78ef8,16404bda
7.2-rc-3,80a78ef8,16404bda
7.2-rc-2,80a78ef8,16404bda
7.1.1,44006dae,16404bda
7.1,44006dae,16404bda
7.1-rc-1,44006dae,16404bda
7.1-rc-2,44006dae,16404bda
7.0.2,dd036b7c,16404bda
7.0.1,dd036b7c,16404bda
7.0,dd036b7c,16404bda
7.0-rc-2,dd036b7c,16404bda
7.0-rc-1,dd036b7c,16404bda
7.0-milestone-1,dd036b7c,16404bda
7.0-milestone-2,dd036b7c,16404bda
7.0-milestone-3,dd036b7c,16404bda
6.9.4,80a78ef8,16404bda
6.9.3,80a78ef8,16404bda
6.9.2,80a78ef8,16404bda
6.9.1,dd036b7c,16404bda
6.9,dd036b7c,16404bda
6.9-rc-1,dd036b7c,16404bda
6.9-rc-2,dd036b7c,16404bda
6.8.3,dd036b7c,16404bda
6.8.2,dd036b7c,16404bda
6.8.1,dd036b7c,16404bda
6.8,dd036b7c,16404bda
6.8-rc-3,dd036b7c,16404bda
6.8-rc-4,dd036b7c,16404bda
6.8-rc-5,dd036b7c,16404bda
6.8-rc-1,dd036b7c,16404bda
6.8-milestone-3,dd036b7c,16404bda
6.8-milestone-2,dd036b7c,16404bda
6.8-milestone-1,dd036b7c,16404bda
6.7.1,dd036b7c,16404bda
6.7,dd036b7c,16404bda
6.7-rc-1,dd036b7c,16404bda
6.7-rc-2,dd036b7c,16404bda
6.7-rc-3,dd036b7c,16404bda
6.7-rc-4,dd036b7c,16404bda
6.7-rc-5,dd036b7c,16404bda
6.6.1,dd036b7c,16404bda
6.6,dd036b7c,16404bda
6.6-rc-4,dd036b7c,2e27a751
6.6-rc-3,dd036b7c,2e27a751
6.6-rc-2,dd036b7c,2e27a751
6.6-rc-1,dd036b7c,2e27a751
6.6-rc-6,dd036b7c,16404bda
6.6-rc-5,dd036b7c,16404bda
6.6-milestone-3,dd036b7c,2e27a751
6.6-milestone-2,dd036b7c,2e27a751
6.6-milestone-1,cf166bfc,2e27a751
6.5.1,cf166bfc,2e27a751
6.5,cf166bfc,2e27a751
6.5-rc-1,cf166bfc,2e27a751
6.5-milestone-1,cf166bfc,2e27a751
6.5-milestone-2,cf166bfc,2e27a751
6.4.1,cf166bfc,2e27a751
6.4,cf166bfc,2e27a751
6.4-rc-4,cf166bfc,2e27a751
6.4-rc-3,cf166bfc,2e27a751
6.4-rc-2,cf166bfc,2e27a751
6.4-rc-1,cf166bfc,2e27a751
6.3,92de6b68,fd89a73a
6.3-rc-1,92de6b68,fd89a73a
6.3-rc-2,92de6b68,fd89a73a
6.3-rc-3,92de6b68,fd89a73a
6.3-rc-4,92de6b68,fd89a73a
6.2.2,92de6b68,fd89a73a
6.2.1,92de6b68,fd89a73a
6.2,92de6b68,fd89a73a
6.2-rc-3,92de6b68,fd89a73a
6.2-rc-2,92de6b68,fd89a73a
6.2-rc-1,92de6b68,fd89a73a
6.1.1,92de6b68,5211869c
6.1,92de6b68,5211869c
6.1-rc-3,92de6b68,5211869c
6.1-rc-2,92de6b68,5211869c
6.1-rc-1,92de6b68,5211869c
6.1-milestone-1,92de6b68,5211869c
6.1-milestone-2,92de6b68,5211869c
6.1-milestone-3,92de6b68,5211869c
6.0.1,92de6b68,5211869c
6.0,92de6b68,5211869c
6.0-rc-3,92de6b68,5211869c
6.0-rc-1,92de6b68,5211869c
6.0-rc-2,92de6b68,5211869c
5.6.4,a983a3d5,5211869c
5.6.3,a983a3d5,5211869c
5.6.2,a983a3d5,5211869c
5.6.1,a983a3d5,5211869c
5.6,a983a3d5,5211869c
5.6-rc-2,a983a3d5,5211869c
5.6-rc-1,a983a3d5,5211869c
5.5.1,7aea981a,5211869c
5.5,7aea981a,5211869c
5.5-rc-4,385097a7,47ec8629
5.5-rc-3,385097a7,47ec8629
5.5-rc-2,385097a7,47ec8629
5.5-rc-1,385097a7,47ec8629
5.4.1,385097a7,47ec8629
5.4,385097a7,47ec8629
5.4-rc-1,385097a7,47ec8629
5.3.1,385097a7,47ec8629
5.3,385097a7,47ec8629
5.3-rc-3,385097a7,47ec8629
5.3-rc-2,385097a7,47ec8629
5.3-rc-1,385097a7,47ec8629
5.2.1,3205cd95,e6a8a698
5.2,3205cd95,e6a8a698
5.2-rc-1,3205cd95,e6a8a698
5.1.1,3205cd95,e6a8a698
5.1,3205cd95,e6a8a698
5.1-rc-2,3205cd95,e6a8a698
5.1-rc-1,3205cd95,e6a8a698
5.1-rc-3,3205cd95,e6a8a698
5.1-milestone-1,3205cd95,e6a8a698
5.0,3205cd95,e6a8a698
5.0-rc-2,3205cd95,e6a8a698
5.0-rc-3,3205cd95,e6a8a698
5.0-rc-4,3205cd95,e6a8a698
5.0-rc-5,3205cd95,e6a8a698
5.0-rc-1,3205cd95,e6a8a698
5.0-milestone-1,e8b8cb06,f9e3a413
4.10.3,e8b8cb06,f9e3a413
4.10.2,e8b8cb06,f9e3a413
4.10.1,e8b8cb06,f9e3a413
4.10,e8b8cb06,f9e3a413
4.10-rc-1,e8b8cb06,f9e3a413
4.10-rc-3,e8b8cb06,f9e3a413
4.10-rc-2,e8b8cb06,f9e3a413
4.9,e8b8cb06,f9e3a413
4.9-rc-2,e8b8cb06,f9e3a413
4.9-rc-1,e8b8cb06,f9e3a413
4.8.1,e8b8cb06,f9e3a413
4.8,e8b8cb06,f9e3a413
4.8-rc-3,e8b8cb06,f9e3a413
4.8-rc-1,e8b8cb06,f9e3a413
4.8-rc-2,e8b8cb06,f9e3a413
4.7,e8b8cb06,f9e3a413
4.7-rc-1,e8b8cb06,f9e3a413
4.7-rc-2,e8b8cb06,f9e3a413
4.6,e8b8cb06,f9e3a413
4.6-rc-1,e8b8cb06,f9e3a413
4.6-rc-2,e8b8cb06,f9e3a413
4.5.1,e8b8cb06,f9e3a413
4.5,e8b8cb06,f9e3a413
4.5-rc-2,e8b8cb06,f9e3a413
4.5-rc-1,e8b8cb06,f9e3a413
4.4.1,e8b8cb06,f9e3a413
4.4,e8b8cb06,f9e3a413
4.4-rc-6,e8b8cb06,f9e3a413
4.4-rc-5,e8b8cb06,f9e3a413
4.4-rc-4,e8b8cb06,f9e3a413
4.4-rc-3,e8b8cb06,f9e3a413
4.4-rc-2,e8b8cb06,f9e3a413
4.4-rc-1,e8b8cb06,f9e3a413
4.3.1,e8b8cb06,f9e3a413
4.3,e8b8cb06,f9e3a413
4.3-rc-2,e8b8cb06,f9e3a413
4.3-rc-3,e8b8cb06,f9e3a413
4.3-rc-1,e8b8cb06,f9e3a413
4.3-rc-4,e8b8cb06,f9e3a413
4.2.1,e8b8cb06,f9e3a413
4.2,e8b8cb06,f9e3a413
4.2-rc-2,e8b8cb06,f9e3a413
4.2-rc-1,e8b8cb06,f9e3a413
4.1,e8b8cb06,f9e3a413
4.1-rc-1,e8b8cb06,f9e3a413
4.1-rc-2,e8b8cb06,f9e3a413
4.1-milestone-1,e8b8cb06,f9e3a413
4.0.2,e8b8cb06,f9e3a413
4.0.1,e8b8cb06,f9e3a413
4.0,e8b8cb06,f9e3a413
4.0-rc-3,e8b8cb06,f9e3a413
4.0-rc-2,e8b8cb06,f9e3a413
4.0-rc-1,e8b8cb06,f9e3a413
4.0-milestone-2,e8b8cb06,f9e3a413
4.0-milestone-1,e8b8cb06,f9e3a413
3.5.1,7342cb66,f9e3a413
3.5,7342cb66,f9e3a413
3.5-rc-3,7342cb66,f9e3a413
3.5-rc-1,7342cb66,f9e3a413
3.5-rc-2,7342cb66,f9e3a413
3.4.1,7342cb66,f9e3a413
3.4,7342cb66,f9e3a413
3.4-rc-2,7342cb66,f9e3a413
3.4-rc-3,7342cb66,f9e3a413
3.4-rc-1,7342cb66,f9e3a413
3.3,7342cb66,f9e3a413
3.3-rc-1,7342cb66,f9e3a413
3.2.1,7342cb66,f9e3a413
3.2,cdd3bafd,f9e3a413
3.2-rc-2,b36e9f60,f9e3a413
3.2-rc-3,cdd3bafd,f9e3a413
3.2-rc-1,b36e9f60,f9e3a413
3.1,ebcac042,f9e3a413
3.1-rc-1,ebcac042,f9e3a413
3.0,ebcac042,f9e3a413
3.0-rc-2,ebcac042,f9e3a413
3.0-rc-1,ebcac042,f9e3a413
3.0-milestone-2,ebcac042,f9e3a413
3.0-milestone-1,ebcac042,3c3cfe8
2.14.1,56ee84f3,3c3cfe8
2.14.1-rc-2,56ee84f3,3c3cfe8
2.14.1-rc-1,56ee84f3,3c3cfe8
2.14,56ee84f3,3c3cfe8
2.14-rc-1,56ee84f3,3c3cfe8
2.14-rc-2,56ee84f3,3c3cfe8
2.14-rc-3,56ee84f3,3c3cfe8
2.14-rc-4,56ee84f3,3c3cfe8
2.14-rc-5,56ee84f3,3c3cfe8
2.14-rc-6,56ee84f3,3c3cfe8
2.13,56ee84f3,3c3cfe8
2.13-rc-2,56ee84f3,3c3cfe8
2.13-rc-1,56ee84f3,3c3cfe8
2.12,9ae86ef7,978bcfe8
2.12-rc-1,9ae86ef7,978bcfe8
2.11,9ae86ef7,978bcfe8
2.11-rc-2,9ae86ef7,978bcfe8
2.11-rc-1,9ae86ef7,978bcfe8
2.11-rc-3,9ae86ef7,978bcfe8
2.10,9ae86ef7,b3a0cfef
2.10-rc-2,9ae86ef7,b3a0cfef
2.10-rc-1,9ae86ef7,b3a0cfef
2.9,9ae86ef7,b3a0cfef
2.9-rc-1,9ae86ef7,b3a0cfef
2.8,9ae86ef7,b3a0cfef
2.8-rc-1,9ae86ef7,b3a0cfef
2.8-rc-2,9ae86ef7,b3a0cfef
2.7,f4db68ed,b3a0cfef
2.7-rc-1,f4db68ed,b3a0cfef
2.7-rc-2,f4db68ed,b3a0cfef
2.6,fca5902b,b3a0cfef
2.6-rc-1,fca5902b,b3a0cfef
2.6-rc-2,fca5902b,b3a0cfef
2.5,fca5902b,b3a0cfef
2.5-rc-1,fca5902b,b3a0cfef
2.5-rc-2,fca5902b,b3a0cfef
2.4,fca5902b,b3a0cfef
2.4-rc-1,fca5902b,b3a0cfef
2.4-rc-2,fca5902b,b3a0cfef
2.3,fca5902b,b3a0cfef
2.3-rc-4,fca5902b,b3a0cfef
2.3-rc-3,fca5902b,b3a0cfef
2.3-rc-2,fca5902b,b3a0cfef
2.3-rc-1,fca5902b,b3a0cfef
2.2.1,fca5902b,b3a0cfef
2.2.1-rc-1,fca5902b,b3a0cfef
2.2,fca5902b,b3a0cfef
2.2-rc-2,fca5902b,b3a0cfef
2.2-rc-1,fca5902b,b3a0cfef
2.1,fca5902b,b3a0cfef
2.1-rc-2,fca5902b,b3a0cfef
2.1-rc-3,fca5902b,b3a0cfef
2.1-rc-1,fca5902b,b3a0cfef
2.1-rc-4,fca5902b,b3a0cfef
2.0,fca5902b,b3a0cfef
2.0-rc-2,fca5902b,b3a0cfef
2.0-rc-1,fca5902b,b3a0cfef
1.12,fca5902b,b3a0cfef
1.12-rc-1,fca5902b,b3a0cfef
1.12-rc-2,fca5902b,b3a0cfef
1.11,fca5902b,b3a0cfef
1.11-rc-1,fca5902b,b3a0cfef
1.10,fca5902b,b3a0cfef
1.10-rc-1,fca5902b,b3a0cfef
1.10-rc-2,fca5902b,b3a0cfef
1.9,fca5902b,b3a0cfef
1.9-rc-4,fca5902b,b3a0cfef
1.9-rc-3,fca5902b,b3a0cfef
1.9-rc-2,fca5902b,b3a0cfef
1.9-rc-1,fca5902b,b3a0cfef
1.8,fca5902b,b3a0cfef
1.8-rc-1,fca5902b,b3a0cfef
1.8-rc-2,fca5902b,b3a0cfef
1.7,fca5902b,b3a0cfef
1.7-rc-1,fca5902b,b3a0cfef
1.7-rc-2,fca5902b,b3a0cfef
1.6,fca5902b,b3a0cfef
1.6-rc-1,fca5902b,b3a0cfef
1.5,fca5902b,b3a0cfef
1.5-rc-1,fca5902b,b3a0cfef
1.5-rc-2,fca5902b,b3a0cfef
1.5-rc-3,fca5902b,b3a0cfef
1.4,fca5902b,b3a0cfef
1.4-rc-1,fca5902b,b3a0cfef
1.4-rc-3,fca5902b,b3a0cfef
1.4-rc-2,fca5902b,b3a0cfef
1.3,fca5902b,b3a0cfef
1.3-rc-1,fca5902b,b3a0cfef
1.3-rc-2,fca5902b,b3a0cfef
1.2,79588ec9,b3a0cfef
1.2-rc-1,79588ec9,b3a0cfef
1.1,29ce8bd7,b3a0cfef
1.1-rc-2,29ce8bd7,b3a0cfef
1.1-rc-1,29ce8bd7,b3a0cfef
1.0,ce5191e8,b3a0cfef
1.0-rc-2,ce5191e8,b3a0cfef
1.0-rc-3,ce5191e8,b3a0cfef
1.0-rc-1,ce5191e8,b3a0cfef
1.0-milestone-7,dbb485b7,b3a0cfef
1.0-milestone-8,7c3190ce,b3a0cfef
1.0-milestone-9,7c3190ce,b3a0cfef
1.0-milestone-5,dbb485b7,b3a0cfef
1.0-milestone-6,dbb485b7,b3a0cfef
1.0-milestone-8a,7c3190ce,b3a0cfef
